,p_out,p_drug,FDR_out,FDR_drug
(12 or 13)-methylmyristate (a15:0 or i15:0),0.803286156575727,0.0059581056705935165,0.9829282652801903,0.08385482054909393
(15:0)-anacardic acid,0.8089469737172046,0.7607825305858845,0.9829282652801903,0.9057234899312134
(15:2)-anacardic acid,0.8817811097827122,0.34036639809641067,0.9829282652801903,0.6115330084001704
(15:3)-anacardic acid,0.5680827969961011,0.40138148520792705,0.9647555268915022,0.6759414750153988
(3'-5')-adenylyladenosine*,0.20633655324554567,0.03361963087328872,0.9180152333233839,0.19376540107423298
(3'-5')-adenylylcytidine,0.8941610399875416,0.010342494029853452,0.9829282652801903,0.11228993518126605
(3'-5')-adenylylguanosine*,0.26702820398577487,0.007419187426934785,0.9180152333233839,0.09556919397407519
(3'-5')-adenylyluridine,0.2923502149662129,0.007071497706969241,0.9180152333233839,0.09304177604635695
(3'-5')-cytidylylguanosine,0.06166629539200018,0.2084638725153212,0.9180152333233839,0.4830736806052484
(3'-5')-cytidylyluridine*,0.7137877097270808,0.0034173016966371054,0.9647555268915022,0.06422832693549829
(3'-5')-guanylyladenosine*,0.8622823693359611,0.012883658355467861,0.9829282652801903,0.13231865338048074
(3'-5')-guanylylcytidine,0.8328429397548485,0.008839962195483709,0.9829282652801903,0.10477569818780814
(3'-5')-guanylyluridine,0.8583558782648201,0.0018352310944207138,0.9829282652801903,0.04358673849249195
(3'-5')-uridylylguanosine,0.605922332788266,0.04909075349182004,0.9647555268915022,0.24070304937924664
(3'-5')-uridylyluridine,0.7847984084683124,5.8723690675093744e-05,0.9829282652801903,0.006835211735026499
(R)-salsolinol,0.28686764824630473,0.21665373193018578,0.9180152333233839,0.49745267754362893
(S)-3-hydroxybutyrylcarnitine,0.24447470442389743,0.0005923009397586657,0.9180152333233839,0.02350406230381928
"1,1-kestotetraose",0.6289085828939011,0.006990269703203691,0.9647555268915022,0.09304177604635695
"1,2,3-benzenetriol sulfate (1)",0.38867785480322414,0.7508531840843696,0.9496554537197602,0.9057234899312134
"1,2,3-benzenetriol sulfate (2)",0.1567627353429515,0.9549800348115708,0.9180152333233839,0.987462348920808
"1,2-dilinolenoyl-digalactosylglycerol (18:3/18:3)",0.046790676450030086,0.048501897224936336,0.9180152333233839,0.2393600122789066
"1,2-dilinolenoyl-galactosylglycerol (18:3/18:3)*",0.38416690524848585,0.8989313483119044,0.9496554537197602,0.9714980100381093
"1,2-dilinoleoyl-digalactosylglycerol (18:2/18:2)*",0.37204956184523186,0.9447922475354809,0.9496554537197602,0.9795935990818083
"1,2-dilinoleoyl-galactosylglycerol (18:2/18:2)*",0.18044666830621367,0.13858901515221198,0.9180152333233839,0.4060649036812348
"1,3-dimethylurate",0.5675662641238144,0.07280644644757676,0.9647555268915022,0.2897010434563264
"1,3-propanediol",0.5332823751381449,0.37593208052661564,0.9647555268915022,0.6449399124158643
"1,5-anhydroglucitol (1,5-AG)",0.2965165553659603,0.7863929539812207,0.9180152333233839,0.9152506049398588
"1,6-anhydroglucose",0.30439452473354306,0.4309744875252034,0.9180152333233839,0.7019666247242689
1-(1-enyl-oleoyl)-GPE (P-18:1)*,0.9070319632339788,0.6051166533574217,0.9829282652801903,0.8331316241877544
1-(1-enyl-palmitoyl)-2-oleoyl-GPC (P-16:0/18:1)*,0.902088908508851,0.39223780383133444,0.9829282652801903,0.665403417213871
1-(1-enyl-palmitoyl)-2-palmitoyl-GPC (P-16:0/16:0)*,0.49191755636682655,0.49242728113404055,0.9512909486992066,0.7421776059292899
1-(1-enyl-palmitoyl)-GPC (P-16:0)*,0.6365498808240331,0.22012356338167038,0.9647555268915022,0.5023841086188273
1-arachidonylglycerol (20:4),0.9066788153444613,0.5122436107835038,0.9829282652801903,0.7567239926191301
1-carboxyethylisoleucine,0.8008734494855783,0.5855373686785692,0.9829282652801903,0.8141350964844892
1-carboxyethylleucine,0.39325880565772575,0.26081294489178714,0.9496554537197602,0.5468479979328148
1-carboxyethylphenylalanine,0.2338961973587706,0.1707019111776531,0.9180152333233839,0.44277628837889543
1-carboxyethyltyrosine,0.681809174109879,0.8467365831187763,0.9647555268915022,0.951947119538354
1-carboxyethylvaline,0.2447627772092696,0.7809972483588491,0.9180152333233839,0.9131660134657312
1-dihomo-linolenylglycerol (20:3),0.9372330742527393,0.019822463486602777,0.9829282652801903,0.1617650106244536
1-dihomo-linoleoylglycerol (20:2),0.9600297151923787,0.06298985614398456,0.989361387873115,0.2719512880516542
1-linolenoyl-2-hexadecatrienoyl-galactosylglycerol (18:3/16:3),0.7054145846720301,0.7726604508247731,0.9647555268915022,0.9088622041694598
1-linolenoylglycerol (18:3),0.6700905008946708,0.01920771475207988,0.9647555268915022,0.1617650106244536
1-linoleoyl-2-linolenoyl-digalactosylglycerol (18:2/18:3)*,0.5687052351057917,0.0050360599755217604,0.9647555268915022,0.07504716826267721
1-linoleoyl-2-linolenoyl-galactosylglycerol (18:2/18:3)*,0.9574805553328327,0.19743413064660836,0.989361387873115,0.4748415800361467
1-linoleoyl-digalactosylglycerol (18:2)*,0.3978213420193506,0.03349059955007439,0.9496554537197602,0.19376540107423298
1-linoleoyl-galactosylglycerol (18:2)*,0.5646554913388608,0.009076987135945243,0.9647555268915022,0.10477569818780814
1-linoleoyl-GPA (18:2)*,0.8272668860758279,0.07229258786085202,0.9829282652801903,0.2897010434563264
1-linoleoyl-GPC (18:2),0.5632862955464284,0.1337250701513498,0.9647555268915022,0.4048195395966587
1-linoleoyl-GPE (18:2)*,0.03988568796145964,0.27537608602415614,0.9180152333233839,0.5567999105022526
1-linoleoyl-GPG (18:2)*,0.5331618162797626,0.03189104531284772,0.9647555268915022,0.19351661102048018
1-linoleoyl-GPI* (18:2)*,0.36621581257854385,0.052258055381172126,0.9496554537197602,0.24516124746722726
1-methylhistamine,0.47295790420609285,0.07055555728172824,0.9496554537197602,0.28682235589031474
1-methylhistidine,0.09573897825846339,0.7717313512370728,0.9180152333233839,0.9088622041694598
1-methylnicotinamide,0.8547039913052636,0.04371587896186344,0.9829282652801903,0.22736158712436985
1-myristoyl-2-palmitoyl-GPC (14:0/16:0),0.7198240103231749,0.31291868589850613,0.9647555268915022,0.5901196061609545
1-oleoyl-2-linoleoyl-GPC (18:1/18:2)*,0.5335965940478519,0.07655036962301746,0.9647555268915022,0.2959118033625654
1-oleoylglycerophosphate (18:1),0.9762902269927193,0.24611669904829425,0.9959856139681907,0.5238744750156807
1-oleoyl-GPG (18:1)*,0.4577179300568708,0.8057485718643397,0.9496554537197602,0.926428010010436
1-oleoyl-GPI (18:1),0.09235377377517573,0.6319198981572128,0.9180152333233839,0.8455675407362105
1-oleoyl-GPS (18:1),0.6456108092458409,0.39469522232224463,0.9647555268915022,0.6665963754775688
"1-oleoyl-sn-glycero-2',3'-cyclic phosphate",0.5858040251171909,0.6374546240250095,0.9647555268915022,0.8460808070906467
1-palmitoyl-2-arachidonoyl-GPC (16:0/20:4n6),0.6703429143735684,0.7416209277834276,0.9647555268915022,0.901811048184648
1-palmitoyl-2-linolenoyl-digalactosylglycerol (16:0/18:3),0.2043468839882575,0.5504735225436421,0.9180152333233839,0.7853394868638343
1-palmitoyl-2-linoleoyl-digalactosylglycerol (16:0/18:2)*,0.20616408294049002,0.13636026596940082,0.9180152333233839,0.4048195395966587
1-palmitoyl-2-linoleoyl-galactosylglycerol (16:0/18:2)*,0.3310373198530975,0.9794728372251358,0.9342455783217154,0.9965711137773222
1-palmitoyl-2-linoleoyl-GPI (16:0/18:2),0.23126654263475246,0.5418751153088444,0.9180152333233839,0.7784973301223472
1-palmitoyl-2-oleoyl-GPE (16:0/18:1),0.5699093921795997,0.0822423292914841,0.9647555268915022,0.306392991478078
1-palmitoyl-2-palmitoleoyl-GPC (16:0/16:1)*,0.6886221188944799,0.7258569062930047,0.9647555268915022,0.8868991137985267
1-palmitoyl-2-stearoyl-GPC (16:0/18:0),0.3033652385109884,0.14436132017049486,0.9180152333233839,0.41246091477284247
1-palmitoyl-digalactosylglycerol (16:0)*,0.485191060831076,0.32376814668116516,0.9496554537197602,0.6028375387820268
1-palmitoyl-galactosylglycerol (16:0)*,0.5520769044942089,0.4129184236336165,0.9647555268915022,0.6897098944209858
1-palmitoyl-GPA (16:0),0.3953739369922755,0.7650980007050513,0.9496554537197602,0.9057234899312134
1-palmitoyl-sulfoquinovopyranosyl-glycerol (16:0)*,0.7080962204167731,0.687480038087566,0.9647555268915022,0.8698715047282032
1-ribosyl-imidazoleacetate*,0.08123174134497982,0.2340490067374803,0.9180152333233839,0.5148893540918559
1-stearoyl-2-oleoyl-GPC (18:0/18:1),0.3038599848200141,0.6988851725159222,0.9180152333233839,0.8736064656449027
1-stearoyl-2-oleoyl-GPS (18:0/18:1),0.34982713369676,0.8240482420208983,0.9430132083613462,0.9361385111149219
1-stearoyl-GPA (18:0),0.14897647786920265,0.28215832504707805,0.9180152333233839,0.5637198659645188
10-nonadecenoate (19:1n9),0.3642698786027606,0.7163333457297762,0.9496554537197602,0.8827663496338204
10-undecenoate (11:1n1),0.4982069835342141,0.2649532486130523,0.9537463664634829,0.5468479979328148
11-ketoetiocholanolone sulfate,0.52346785275262,0.2794308957534868,0.9647555268915022,0.5618187322027777
11beta-hydroxyetiocholanolone glucuronide*,0.8757798193432949,0.15312225041501923,0.9829282652801903,0.42337517356186793
"12,13-DiHOME",0.4731929794962243,0.3392150627752064,0.9496554537197602,0.6109086438605613
12-dehydrocholate,0.4713791590826225,0.24535026044378394,0.9496554537197602,0.5238744750156807
12-ketolithocholate,0.9380788443483861,0.04320668053828141,0.9829282652801903,0.22736158712436985
13-HODE + 9-HODE,0.007017053629361445,0.16711745410582765,0.6690466510564523,0.4401154921570991
16a-hydroxy DHEA 3-sulfate,0.14338590373903273,0.8446674530790662,0.9180152333233839,0.951947119538354
2'-deoxyadenosine,0.4268742456957434,0.18520377568781451,0.9496554537197602,0.46166684003427116
2'-deoxyadenosine 5'-monophosphate,0.9233016915014294,0.1769994769138754,0.9829282652801903,0.4514080619280044
2'-deoxycytidine,0.3420720858387124,0.07252681876792808,0.935161097976336,0.2897010434563264
dCMP,0.8282991606495191,0.07095079329918312,0.9829282652801903,0.28682235589031474
2'-deoxyguanosine 5'-monophosphate (dGMP),0.9563316274629935,0.6794971361359785,0.989361387873115,0.8677324401755455
2'-O-methyluridine,0.46794257760684577,0.02315951371388489,0.9496554537197602,0.16407496825282586
"2,3-dimethylsuccinate",0.46968967396270567,0.08690037006079039,0.9496554537197602,0.3175205829144264
"2,4,6-trihydroxybenzoate",0.9475001823324553,0.8197336390206368,0.9864385459899534,0.9348132287854914
"2,4-dihydroxyhydrocinnamate",0.7448548257001525,4.5311332851662865e-05,0.9737844849191808,0.006835211735026499
"2,8-quinolinediol",0.3003449565886284,0.01149065103122512,0.9180152333233839,0.11962869566754922
"2,8-quinolinediol sulfate",0.6002578442468571,0.3066832122991848,0.9647555268915022,0.585626234541157
2-acetamidobutanoate,0.8187100615562255,0.4921968222289411,0.9829282652801903,0.7421776059292899
2-acetolactate,0.19312300441283548,0.9047582601732176,0.9180152333233839,0.9714980100381093
2-aminoadipate,0.042152272125874385,0.11134630835785965,0.9180152333233839,0.3664328971297641
2-aminophenol sulfate,0.2205220690971326,0.3350261473514876,0.9180152333233839,0.6086659965963647
2-arachidonoylglycerol (20:4),0.503218612619258,0.7579773597144595,0.9564786062397623,0.9057234899312134
2-dihomo-linoleoylglycerol (20:2)*,0.5855602695716218,0.7030737234879691,0.9647555268915022,0.8759209325406326
2-hydroxyacetaminophen sulfate*,0.9879113934220498,0.1490333267939745,0.9991945479506158,0.4226318222515695
2-hydroxyheptanoate*,0.2898696653767104,0.12964319364278717,0.9180152333233839,0.40052368767690344
2-hydroxyhippurate (salicylurate),0.6403347563947624,0.8761241919821156,0.9647555268915022,0.9591785208443542
2-hydroxyibuprofen,0.962023770576621,0.49253815133380185,0.989361387873115,0.7421776059292899
2-hydroxylignocerate*,0.2857167793971386,0.6421982208486108,0.9180152333233839,0.8469843613916503
2-hydroxymyristate,0.6725725683259046,0.0014917357833381336,0.9647555268915022,0.03819376516913052
2-hydroxyoctanoate,0.9279718776286217,0.15973895074502717,0.9829282652801903,0.43474669678801836
2-hydroxyoleate,0.3062995877575006,0.10406121667688178,0.9201094335798438,0.3530648422965632
2-hydroxypalmitate,0.2155860708899746,0.24236028139283206,0.9180152333233839,0.5217955066814515
2-hydroxyphenylacetate,0.38357504347837856,0.7728765751428324,0.9496554537197602,0.9088622041694598
2-methoxyacetaminophen sulfate*,0.6991884663762766,0.1673597068860548,0.9647555268915022,0.4401154921570991
2-methoxyhydroquinone sulfate (1),0.03667364386081856,0.0756768728265001,0.9180152333233839,0.2959118033625654
2-methoxyhydroquinone sulfate (2),0.07656467594234737,0.19454644533756088,0.9180152333233839,0.47436890303017576
2-methoxyresorcinol sulfate,0.3348433389939378,0.2754694294063776,0.9342455783217154,0.5567999105022526
2-methylbutyrylcarnitine (C5),0.7311831361704018,0.003420927141394675,0.9647555268915022,0.06422832693549829
2-methylbutyrylphenylalanine,0.5394829148587419,0.49478535122789347,0.9647555268915022,0.7421776059292899
2-methylmalonylcarnitine (C4-DC),0.4185014573103766,0.5949696877280803,0.9496554537197602,0.8234810000961114
2-methylserine,0.26402422630238187,0.15423285438027995,0.9180152333233839,0.4246991642355535
2-myristoylglycerol (14:0),0.7945946478797872,0.7849213723804649,0.9829282652801903,0.9149390230201738
2-O-methylascorbic acid,0.20967655062196786,4.779780879484146e-05,0.9180152333233839,0.006835211735026499
2-oxindole-3-acetate,0.3386322483955718,0.43002345634193473,0.9348062986197809,0.7019666247242689
2-oxo-1-pyrrolidinepropionate,0.9172155300955983,0.9235601205568054,0.9829282652801903,0.9748690161432946
2-palmitoleoylglycerol (16:1)*,0.05197632066909011,0.5597593352074786,0.9180152333233839,0.7913071520920055
2-palmitoyl-galactosylglycerol (16:0)*,0.33401965468375916,0.4504136531901194,0.9342455783217154,0.7130579695820484
2-palmitoyl-GPC* (16:0)*,0.219345430341315,0.2819061974194322,0.9180152333233839,0.5637198659645188
2-stearoyl-GPE (18:0)*,0.28184404837668187,0.302087046228679,0.9180152333233839,0.583528518763171
20-hydroxyecdysone,0.9181192560076762,0.29655605639535204,0.9829282652801903,0.5773121985490329
21-hydroxypregnanolone disulfate,0.11448468033099517,0.2409895037751022,0.9180152333233839,0.5203182467871524
21-hydroxypregnanolone monosulfate (1),0.6326792856138956,0.5693465467846806,0.9647555268915022,0.8013025473265875
21-hydroxypregnanolone monosulfate (2),0.603354129291376,0.9126593160107883,0.9647555268915022,0.9714980100381093
21-hydroxypregnenolone disulfate,0.6390300718359765,0.20062540111060295,0.9647555268915022,0.4779790120503394
3'-sialyllactose,0.8572287663378647,0.023761588563168803,0.9829282652801903,0.16407496825282586
"3,4-dihydroxybenzoate",0.40108011168999114,0.3303847298088677,0.9496554537197602,0.6086659965963647
"3,4-dihydroxyphenylacetate",0.8445322385342713,0.6890297971662873,0.9829282652801903,0.8698715047282032
"3,4-dihydroxyphenylacetate sulfate",0.6344393500792391,0.2945124883132719,0.9647555268915022,0.576880131747646
"3,5-dihydroxyphenylpropionate",0.8722285636759366,0.4455239762182124,0.9829282652801903,0.7122165072636057
3-(2-hydroxyphenyl)propionate,0.9991945479506158,0.6879812560662764,0.9991945479506158,0.8698715047282032
3-(3-hydroxyphenyl)propionate,0.9270823631733635,0.000469083174205375,0.9829282652801903,0.020970777199769704
3-(3-hydroxyphenyl)propionate sulfate,0.9461562207494334,0.0021232287069422283,0.9863905730721116,0.04889860052351798
3-(cystein-S-yl)acetaminophen*,0.9262269633713045,0.0556502892862093,0.9829282652801903,0.2565307181800606
3-(methylthio)acetaminophen sulfate*,0.9314322100116117,0.02720924701410063,0.9829282652801903,0.17894029136507894
3-(N-acetyl-L-cystein-S-yl) acetaminophen,0.7493549583346467,0.14576782019665221,0.9737844849191808,0.4149196380129427
3-carboxy-4-methyl-5-propyl-2-furanpropanoate (CMPF),0.9911918453227857,0.20543139594706314,0.9991945479506158,0.4824497190521952
3-carboxyadipate,0.33749940132736267,0.7217852360762593,0.9348062986197809,0.8847689990612211
3-dehydrochenodeoxycholate,0.5632380164464922,0.021860970225828676,0.9647555268915022,0.1617650106244536
3-dehydrodeoxycholate,0.4483050731167152,0.004658749770116749,0.9496554537197602,0.07226924174225473
3-dehydroshikimate,0.6402004450800212,0.503343605293325,0.9647555268915022,0.7487204425885343
3-fucosyllactose,0.9375755945905528,0.0006185279553636652,0.9829282652801903,0.02350406230381928
3-hydroxy-2-methylpyridine,0.2954808769139292,0.6639240939313383,0.9180152333233839,0.8625338656202002
3-hydroxybenzoate,0.9261396557279924,0.5560713328434945,0.9829282652801903,0.7884593525392833
3-hydroxybutyroylglycine,0.28498334083613214,0.6749436975834221,0.9180152333233839,0.8674684146179282
3-hydroxycinnamate,0.1958525144840577,0.1139892013183366,0.9180152333233839,0.36943760093911393
3-hydroxydecanoate,0.9969304303344868,0.6330630666827682,0.9991945479506158,0.8455675407362105
3-hydroxydecanoylcarnitine,0.04071178001502334,0.00035245143317608695,0.9180152333233839,0.01785753928092174
3-hydroxyhexanoate,0.08783181955134022,0.023963580889557464,0.9180152333233839,0.16407496825282586
3-hydroxyhexanoylcarnitine (1),0.00974737874802987,0.0002809588528067631,0.8197187993552084,0.01779406067776166
3-hydroxyhippurate,0.1004335512025802,0.13853021474975888,0.9180152333233839,0.4060649036812348
3-hydroxyisobutyrate,0.27759104328048256,0.9295671873670667,0.9180152333233839,0.9748766056593018
3-hydroxymargarate,0.9613762043960273,0.009357335181681302,0.989361387873115,0.10477569818780814
3-hydroxymargaroylglycine,0.8488543554737948,0.021520669406242646,0.9829282652801903,0.1617650106244536
3-hydroxymyristate,0.7352097447681484,6.182274877004161e-05,0.9667117751276691,0.006835211735026499
3-hydroxyoctanoate,0.8223928087019476,0.13499378153650163,0.9829282652801903,0.4048195395966587
3-hydroxyoctanoylglycine,0.44527540223000706,0.9765973548690521,0.9496554537197602,0.9965711137773222
3-hydroxyoleate*,0.18985353548647402,0.004219830895874914,0.9180152333233839,0.07226924174225473
3-hydroxypalmitate,0.5942615074732143,0.05093477881157134,0.9647555268915022,0.24516124746722726
3-hydroxyphenylacetate,0.006211131614947801,0.4803901887389723,0.6690466510564523,0.7346006910294144
3-hydroxystachydrine*,0.4824153801537119,0.8042979313775829,0.9496554537197602,0.9261612543135802
3-hydroxystearate,0.44821077952473287,0.6216238758973056,0.9496554537197602,0.8388152452670019
3-hydroxysuberate,0.6299293745927306,0.5544945331837418,0.9647555268915022,0.7876931686348481
3-indoxyl sulfate,0.7211603925881807,0.7828955094204756,0.9647555268915022,0.913979396558466
3-ketosphinganine,0.8049636604871233,0.0004432730321508291,0.9829282652801903,0.020970777199769704
3-methoxycatechol sulfate (1),0.18395846819055453,0.541437756728272,0.9180152333233839,0.7784973301223472
3-methyl-2-oxobutyrate,0.4401443396682524,0.06865007733162111,0.9496554537197602,0.28355466723930456
3-methyladipate,0.8370702283647458,0.22767560564940767,0.9829282652801903,0.5074295023271256
3-methylglutarate/2-methylglutarate,0.810947626866633,0.2687362430030063,0.9829282652801903,0.5519322485447811
3-methylglutarylcarnitine (2),0.9145148211622255,0.9080094018119772,0.9829282652801903,0.9714980100381093
3-methylurate*,0.9863017081107343,0.0014082431377649687,0.9991945479506158,0.03819376516913052
3-phenylpropionate (hydrocinnamate),0.03480780553399475,0.003990505469502268,0.9180152333233839,0.0705298641121331
3-S-cysteinyl-2-methylpropanoate*,0.7112422074109482,0.38961063547039,0.9647555268915022,0.6639104999047004
3-ureidoisobutyrate,0.8661712518534139,0.8633408702472878,0.9829282652801903,0.9522551850692959
3beta-hydroxy-5-cholestenoate,0.4012373892055444,0.7248249026006284,0.9496554537197602,0.8868991137985267
4-acetamidobenzoate,0.10177098976934962,0.7633360161077227,0.9180152333233839,0.9057234899312134
4-acetamidophenol,0.6945874441696286,0.5034159817930803,0.9647555268915022,0.7487204425885343
4-acetamidophenylglucuronide,0.641835510358268,0.03053674123202887,0.9647555268915022,0.1902288798060815
4-acetaminophen sulfate,0.2233225581314515,0.6745458746048225,0.9180152333233839,0.8674684146179282
4-acetylcatechol sulfate (1),0.7304401039262822,0.755453751076813,0.9647555268915022,0.9057234899312134
4-aminophenol sulfate (1),0.06953315964754342,0.05997682868474127,0.9180152333233839,0.26971828284262345
4-ethylcatechol sulfate,0.21814440384698083,0.45788468413452077,0.9180152333233839,0.718781726656033
4-hydroxybenzoate,0.44380411454779534,0.14105412443663948,0.9496554537197602,0.4060649036812348
4-hydroxybutyrate (GHB),0.7862629182111021,0.42603925834385725,0.9829282652801903,0.7019666247242689
4-hydroxycinnamate sulfate,0.18957097136005108,0.8631281228430362,0.9180152333233839,0.9522551850692959
4-hydroxycyclohexylcarboxylic acid,0.4019422250910001,0.0006542130077071695,0.9496554537197602,0.023676280278926133
4-hydroxyglutamate,0.6902334577142564,0.26325680751128105,0.9647555268915022,0.5468479979328148
4-hydroxyhippurate,0.0008656161700713465,0.021099850762350207,0.20071431253562913,0.1617650106244536
4-hydroxyphenylacetate sulfate,0.5890554111185436,0.37814490710632476,0.9647555268915022,0.6472750662180333
4-hydroxyphenylacetylglutamine,0.78770864826527,0.16316808430041085,0.9829282652801903,0.4381899083685945
4-methylcatechol sulfate,0.3625379703172077,0.044890434455150056,0.9496554537197602,0.22897134352962445
4-methylhexanoylglutamine,0.512548141426378,0.2369753446809062,0.9572455062039852,0.5175323619468066
4-methylthio-2-oxobutanoate,0.6742246570361423,0.26200930713169335,0.9647555268915022,0.5468479979328148
4-ureidobutyrate,0.40372254411261077,0.043976517509582064,0.9496554537197602,0.22736158712436985
4-vinylphenol sulfate,0.6616050153506259,0.09232234781346288,0.9647555268915022,0.3325354707973071
"5,6-dihydrothymine",0.2491397781217231,0.3635571997114113,0.9180152333233839,0.6320230041340739
"5,6-dihydrouracil",0.09911086376442807,0.6213123245445454,0.9180152333233839,0.8388152452670019
"5,6-dihydrouridine",0.9096650389200875,0.13471088496482955,0.9829282652801903,0.4048195395966587
5-(2-Hydroxyethyl)-4-methylthiazole,0.6060410723569556,0.05904091283488494,0.9647555268915022,0.26708984377686046
5-(galactosylhydroxy)-L-lysine,0.24838869383580914,0.6193931247760216,0.9180152333233839,0.8388152452670019
5-acetylamino-6-formylamino-3-methyluracil,0.16761390585956837,0.05495675665096217,0.9180152333233839,0.2562400923603144
5-dodecenoylcarnitine (C12:1),0.18296552021982712,0.023912348223074167,0.9180152333233839,0.16407496825282586
5-hydroxyhexanoate,0.9887684489440687,0.022164805505768728,0.9991945479506158,0.1617650106244536
5-hydroxymethylfurfural,0.13424234316172298,0.9882686454468096,0.9180152333233839,0.9965711137773222
5-hydroxypicolinic acid,0.7705660234198821,0.03233764421000129,0.9815171283709627,0.19351661102048018
5-methylcytosine,0.4243437882706377,0.28260166964800215,0.9496554537197602,0.5637198659645188
5-methylhexanoate (i7:0),0.442916685658312,0.2933907765420601,0.9496554537197602,0.5761679332608932
5-methylthioadenosine (MTA),0.05061585501881306,0.9006157438001916,0.9180152333233839,0.9714980100381093
5-methylthioribose,0.21102487146830787,0.17219712213756969,0.9180152333233839,0.443626484151027
5-methyluridine (ribothymidine),0.7271103915667257,0.05174794658787706,0.9647555268915022,0.24516124746722726
"5alpha-androstan-3alpha,17alpha-diol disulfate",0.710922399742457,0.8501994697617457,0.9647555268915022,0.951947119538354
"5alpha-androstan-3alpha,17beta-diol disulfate",0.8148605540952826,0.8554998455851259,0.9829282652801903,0.951947119538354
"5alpha-androstan-3alpha,17beta-diol monosulfate (1)",0.7066878619734145,0.2606871628818061,0.9647555268915022,0.5468479979328148
"5alpha-androstan-3beta,17alpha-diol disulfate",0.7121243402892239,0.2794168892716896,0.9647555268915022,0.5618187322027777
"5alpha-androstan-3beta,17alpha-diol monosulfate (1)",0.07144012269852856,0.1063332253985792,0.9180152333233839,0.3591700057907564
"5alpha-androstan-3beta,17beta-diol disulfate",0.577942442169328,0.3040490703029154,0.9647555268915022,0.583528518763171
"5alpha-androstan-3beta,17beta-diol monosulfate (1)",0.038762734206256,0.11237232946075132,0.9180152333233839,0.3665363536058841
"5alpha-androstan-3beta,17beta-diol monosulfate (2)",0.5450421305543691,0.09408959398541226,0.9647555268915022,0.33416610869338936
"5alpha-pregnan-3beta,20alpha-diol monosulfate (1)",0.5528336008630763,0.7570881445114077,0.9647555268915022,0.9057234899312134
"5alpha-pregnan-3beta,20alpha-diol monosulfate (2)",0.5631307962487815,0.16566229009543573,0.9647555268915022,0.4401154921570991
5alpha-pregnan-diol disulfate,0.3607403372010657,0.20531983342779608,0.9496554537197602,0.4824497190521952
6'-sialyllactose,0.971292006950528,0.015947710262567222,0.9935153772306882,0.14960019471869665
6-hydroxynicotinate,0.5434674411412677,0.044777716018806264,0.9647555268915022,0.22897134352962445
6-oxolithocholate,0.7512224831045702,0.0003110743279165348,0.974281718702173,0.01785753928092174
6-oxopiperidine-2-carboxylate,0.8513545518797584,0.11500363460431962,0.9829282652801903,0.37035068770882584
"7,12-diketolithocholate",0.8943361868860802,0.7933236201314806,0.9829282652801903,0.9219051243118124
7-ketocholesterol,0.21194772596286013,0.16244632312196242,0.9180152333233839,0.4380392619967265
8-hydroxyguanine,0.8859449678894106,0.9299809725039392,0.9829282652801903,0.9748766056593018
8-hydroxyoctanoate,0.8150498019032717,0.4505542539566001,0.9829282652801903,0.7130579695820484
8-methoxykynurenate,0.7599787091822849,0.514771452873803,0.9789556253873501,0.7567239926191301
"9,10-DiHOME sulfate",0.04615860458541211,0.9897753878404303,0.9180152333233839,0.9965711137773222
acesulfame,0.2480445833205674,0.8017536863678986,0.9180152333233839,0.9257889627304268
acetylagmatine,0.2712848559787866,0.31018341943980804,0.9180152333233839,0.5893484969356353
aconitate [cis or trans],0.47986906153417863,0.9223059798771855,0.9496554537197602,0.9748690161432946
adipoylcarnitine (C6-DC),0.9121986006745046,0.022561962008147474,0.9829282652801903,0.1617650106244536
agmatine,0.27099916680634806,0.19584225884781012,0.9180152333233839,0.47436890303017576
alanyl-glutamyl-meso-diaminopimelate,0.607446853833526,0.13935381318939769,0.9647555268915022,0.4060649036812348
allo-threonine,0.5623970841984925,0.6629553290476338,0.9647555268915022,0.8625338656202002
alpha-CEHC sulfate,0.28434952648435746,0.6085341759865401,0.9180152333233839,0.8333080608103973
alpha-hydroxymetoprolol,0.49676230199393134,0.6504439171012424,0.9537463664634829,0.850838858858768
alpha-tocopherol acetate,0.5554579564827855,0.4724832174648813,0.9647555268915022,0.7313385850780241
alpha-tocotrienol,0.2635717350935892,0.3367755741586891,0.9180152333233839,0.6086659965963647
"androstenediol (3alpha, 17alpha) monosulfate (2)",0.8121842570967595,0.5733797314131378,0.9829282652801903,0.8040010993984958
"androstenediol (3beta,17beta) monosulfate (2)",0.3355908458971425,0.4362709837031138,0.9342455783217154,0.7024702279965391
androsterone glucuronide,0.5874571111058782,0.03295101238583392,0.9647555268915022,0.19376540107423298
anthranilate,0.7292939015138508,0.29546612265037064,0.9647555268915022,0.5772602910392846
apigenin,0.7833187306512042,0.06683876821720834,0.9829282652801903,0.27758176964523684
apigenin sulfate (1),0.1498825971512586,0.8152797073064676,0.9180152333233839,0.933355313370519
apiin,0.4953830098214429,0.0010513424267749743,0.9537463664634829,0.034740010623868715
arabitol/xylitol,0.491253068941493,0.7626357097960029,0.9512909486992066,0.9057234899312134
arachidonoyl ethanolamide,0.6949118399341059,0.20848443057700194,0.9647555268915022,0.4830736806052484
arachidoyl ethanolamide (20:0)*,0.17395858143256795,0.17065595047383864,0.9180152333233839,0.44277628837889543
argininosuccinate,0.6576035338439807,0.06305426852822242,0.9647555268915022,0.2719512880516542
ascorbic acid 3-sulfate*,0.9249177547360712,0.1295128243606979,0.9829282652801903,0.40052368767690344
astaxanthin,0.6293506444068077,0.8514897145177005,0.9647555268915022,0.951947119538354
atenolol,0.9560110537834715,0.7106444317217844,0.989361387873115,0.8797763391564388
behenoyl ethanolamide (22:0)*,0.726813767441639,0.288865370038035,0.9647555268915022,0.5689074511315771
behenoyl sphingomyelin (d18:1/22:0)*,0.4869778510822099,0.3443639211488867,0.9496554537197602,0.615339612656117
behenoylcarnitine (C22)*,0.8874204993112801,0.8107628084430005,0.9829282652801903,0.9307850973061637
beta-citrylglutamate,0.10401058880597011,0.8231978572270549,0.9180152333233839,0.9361385111149219
beta-cryptoxanthin,0.5590256412489469,0.4695871326249358,0.9647555268915022,0.7283392261121453
beta-hydroxyisovalerate,0.6236142153492057,0.7773551108229406,0.9647555268915022,0.9103079880207008
"bilirubin (E,E)*",0.007042596326910024,0.5104643402675745,0.6690466510564523,0.7562434670630732
"bilirubin (E,Z or Z,E)*",0.3889646153881897,0.20297012499839512,0.9496554537197602,0.48055232086847444
"bilirubin degradation product, C16H18N2O5 (4)",0.25191282981283225,0.434922061185003,0.9180152333233839,0.7019666247242689
"bilirubin degradation product, C17H18N2O4 (1)",0.26221852372925236,0.6562451753673033,0.9180152333233839,0.8554825613707556
"bilirubin degradation product, C17H20N2O5 (1)",0.17098061081786645,0.31256098947562067,0.9180152333233839,0.5901196061609545
"bilirubin degradation product, C17H20N2O5 (2)",0.529534949038593,0.22523062638581084,0.9647555268915022,0.5049418172661246
biocytin,0.28402027631723853,0.2646408293502463,0.9180152333233839,0.5468479979328148
biopterin,0.04834491573378471,0.050725559949583214,0.9180152333233839,0.24516124746722726
biotin,0.4515254832841884,0.6084929405565003,0.9496554537197602,0.8333080608103973
branched chain 14:0 dicarboxylic acid,0.3675294874486795,0.00011325458880175529,0.9496554537197602,0.009563720832148225
"branched-chain, straight-chain, or cyclopropyl 10:1 fatty acid (1)*",0.9709645082315463,0.9812563143100914,0.9935153772306882,0.9965711137773222
brilliant blue FCF (blue 1),0.5894017245272075,0.935722967359915,0.9647555268915022,0.9759329615817053
bufotenine,0.7766259128100792,0.07806651964334917,0.9829282652801903,0.29889195583511924
butyrylcarnitine (C4),0.17449642130359513,0.6357500413283079,0.9180152333233839,0.8460808070906467
butyrylglycine (C4),0.11314337748198408,0.19598925730457262,0.9180152333233839,0.47436890303017576
butyrylputrescine/isobutyrylputrescine,0.19031928915289487,0.09925328857410728,0.9180152333233839,0.34549761950745184
C-glycosyltryptophan,0.6774049982120769,0.007100556593011452,0.9647555268915022,0.09304177604635695
caffeate,0.248260210057774,0.23962928342668263,0.9180152333233839,0.5188554285022188
caffeic acid sulfate,0.1346806875369329,0.2633905853148348,0.9180152333233839,0.5468479979328148
caffeine,0.8790711818740907,0.1601698356587436,0.9829282652801903,0.43474669678801836
caproate (6:0),0.8220503391934544,0.6729456036844392,0.9829282652801903,0.8674684146179282
carboxy-methyl-arginine,0.2551236967420859,0.22391527990185164,0.9180152333233839,0.5049418172661246
carboxyibuprofen,0.9979889211681683,0.45296491606011924,0.9991945479506158,0.7142185398458312
cardol triene,0.7903417855983392,0.9571178640600104,0.9829282652801903,0.988328229192402
carnosine,0.6080945442807426,0.27447943762766625,0.9647555268915022,0.5567999105022526
carotene diol (3),0.8401145338763942,0.08608177287858683,0.9829282652801903,0.3171331553556582
catechin,0.8188345254549019,0.46690950563981726,0.9829282652801903,0.7271541481275843
catechol,0.9340924114450633,0.42899989074055556,0.9829282652801903,0.7019666247242689
catechol sulfate,0.08353089205628426,0.9939485582147503,0.9180152333233839,0.9965711137773222
"ceramide (d16:1/24:1, d18:1/22:1)*",0.3038909635184214,0.8464146145896121,0.9180152333233839,0.951947119538354
chenodeoxycholate,0.6355860642218012,0.001284382978448402,0.9647555268915022,0.037299243654647145
chenodeoxycholic acid sulfate (2),0.407548168604041,0.17172197946470655,0.9496554537197602,0.443626484151027
chiro-inositol,0.7186300034737043,0.7487206978963634,0.9647555268915022,0.9046545793342389
chlorogenate,0.017859419058276055,0.8303292827695754,0.9180152333233839,0.9418660520968318
cholic acid glucuronide,0.8119894678585894,0.06436126541261125,0.9829282652801903,0.2719512880516542
chrysin,0.9402484853403926,0.7411095474466607,0.9829282652801903,0.901811048184648
chrysoeriol,0.2174877946224785,0.01841333712833297,0.9180152333233839,0.16085214043141446
ciliatine (2-aminoethylphosphonate),0.8706306566692934,0.1408035787590794,0.9829282652801903,0.4060649036812348
"cis-3,4-methyleneheptanoate",0.04726230549967451,0.2987386958757574,0.9180152333233839,0.5791872675142234
"cis-3,4-methyleneheptanoylcarnitine",0.11159786901883449,0.06236257231129951,0.9180152333233839,0.2719512880516542
"cis-3,4-methyleneheptanoylglycine",0.6079963361682574,0.7958429506055812,0.9647555268915022,0.9234208281835752
citrate,0.03741171416095764,0.9253072110709221,0.9180152333233839,0.9748766056593018
coprostanol,0.144328346869207,0.04732764211309496,0.9180152333233839,0.2366382105654748
cortolone glucuronide (1),0.9304070797996022,0.029720985843841138,0.9829282652801903,0.18667726645718402
coumaroylquinate (1),0.5779933603120988,0.0048286118585961595,0.9647555268915022,0.07339490025066163
coumaroylquinate (2),0.1715408424717915,0.3371689270619336,0.9180152333233839,0.6086659965963647
coumaroylquinate (3),0.8411487212913451,0.1349456898973514,0.9829282652801903,0.4048195395966587
coumaroylquinate (4),0.05366228010505766,0.2877158198419364,0.9180152333233839,0.5689074511315771
coumaroylquinate (5),0.08802990021632909,0.6161494714982227,0.9180152333233839,0.8376987447918591
cryptochlorogenic acid,0.1047082831283174,0.37592552404898005,0.9180152333233839,0.6449399124158643
cyclo(pro-sulfo-tyr)*,0.5480307590920643,0.4284265111198964,0.9647555268915022,0.7019666247242689
cysteinylglycine,0.9920097845901508,0.06051612615233216,0.9991945479506158,0.2705426816221908
cysteinylglycine disulfide*,0.9310448530904429,0.571987758575561,0.9829282652801903,0.8035317865386807
cytidine 2' or 3'-monophosphate (2' or 3'-CMP),0.3480397774666487,0.06423446566019449,0.9430132083613462,0.2719512880516542
"cytidine 2',3'-cyclic monophosphate",0.06274470838634015,0.014960932899943815,0.9180152333233839,0.14212886254946624
CMP,0.2919038620192088,0.004659464270224318,0.9180152333233839,0.07226924174225473
cytosine,0.6259930886600641,0.22262407924299335,0.9647555268915022,0.5049418172661246
D-urobilin,0.18197479512000125,0.014127902556330486,0.9180152333233839,0.13944423302352169
daidzein,0.06813466256468671,0.21746569562303392,0.9180152333233839,0.49781303817321015
daidzein sulfate (2),0.41055502876498673,0.9332937516724591,0.9496554537197602,0.9756578421885405
decadienedioic acid (C10:2-DC),0.4466181052556607,0.028417351688739437,0.9496554537197602,0.18148896876841994
decanoylcarnitine (C10),0.11226927201486352,0.030865063468370695,0.9180152333233839,0.1907109612679815
dehydrocholic acid,0.844137905248902,0.8015986713324462,0.9829282652801903,0.9257889627304268
dehydrolithocholate,0.33031588702093306,0.001214457731657224,0.9342455783217154,0.03691951504237961
deoxycholate,0.4302751830863095,0.0054162922436201575,0.9496554537197602,0.07916119432983307
deoxycholic acid 12-sulfate*,0.890104934344669,0.027883869637014527,0.9829282652801903,0.17959102478077152
deoxycholic acid 3-sulfate,0.17293346298425702,0.6467355831713175,0.9180152333233839,0.8500367729513336
deoxycholic acid glucuronide,0.804904092069505,0.06258545815529948,0.9829282652801903,0.2719512880516542
dexpanthenol,0.45564146311046116,0.8180347667758395,0.9496554537197602,0.9348132287854914
"diacylglycerol (16:1/18:2 [2], 16:0/18:3 [1])*",0.859545307609305,0.7400218638793978,0.9829282652801903,0.901811048184648
digalactosylglycerol*,0.09627594903603921,0.003464949216257145,0.9180152333233839,0.06422832693549829
digalacturonic acid,0.4278529532467945,0.4757446994401634,0.9496554537197602,0.7335088310954793
dihydrocaffeate,0.09591534150651816,0.16895438539318777,0.9180152333233839,0.44125543951485463
dihydrocaffeate sulfate (2),0.8998137880319008,0.9197029464489617,0.9829282652801903,0.9735017260462546
dihydroferulic acid sulfate,0.3411208956899654,0.28878663744718114,0.935161097976336,0.5689074511315771
dihydrokaempferol,0.7469913337091524,0.6957132798921632,0.9737844849191808,0.8710742878386228
dihydroorotate,0.031344526027309215,0.9916556092519175,0.9180152333233839,0.9965711137773222
dihydroquercetin,0.5584428996731879,0.08637705678765954,0.9647555268915022,0.3171331553556582
dimethyl sulfone,0.06472088447507057,0.5959401974379753,0.9180152333233839,0.8234810000961114
dimethylmalonic acid,0.5272720697566768,0.09892274223693574,0.9647555268915022,0.34549761950745184
diosmetin,0.23424187947198044,0.35587494306679424,0.9180152333233839,0.6260762887286195
diosmin,0.5449861908486209,0.002305089870470826,0.9647555268915022,0.05005338004450936
diphenhydramine,0.597299188848893,0.7060284870329583,0.9647555268915022,0.8767674021977914
dipicolinate,0.6242438632865719,0.03750909800677588,0.9647555268915022,0.20807966777481512
docosahexaenoylcarnitine (C22:6)*,0.40979107743269716,0.6935403830024492,0.9496554537197602,0.8710742878386228
docosapentaenoate (n6 DPA; 22:5n6),0.06218154495176284,0.5518624871316483,0.9180152333233839,0.7854222663296868
dodecenedioate (C12:1-DC)*,0.8867529829579401,0.6127094591227724,0.9829282652801903,0.8346016028281552
dopamine 3-O-sulfate,0.02150668376366912,0.025410282623542516,0.9180152333233839,0.17242691780260994
ectoine,0.20518110902759326,0.05603170949722377,0.9180152333233839,0.2565307181800606
enterolactone,0.31924704686208616,0.13489987614760937,0.933183675443021,0.4048195395966587
enterolactone sulfate,0.4346696982470428,0.8027564821570411,0.9496554537197602,0.9257889627304268
epiandrosterone sulfate,0.387949807051846,0.5098514193591195,0.9496554537197602,0.7562434670630732
epicatechin,0.8936576259710144,0.2655090937331693,0.9829282652801903,0.5468479979328148
equol sulfate,0.51263015924345,0.2970119337271998,0.9572455062039852,0.5773121985490329
ergosterol,0.043238907559745514,0.9298500046749412,0.9180152333233839,0.9748766056593018
ergothioneine,0.49753206201841726,0.18611791076113302,0.9537463664634829,0.46166684003427116
eriocitrin,0.48445485303527624,0.017762352183551603,0.9496554537197602,0.1569696239476653
eriodictyol,0.29357357927412264,0.30402276674744727,0.9180152333233839,0.583528518763171
erucoylcarnitine (C22:1)*,0.0953563532246477,0.7525153321845053,0.9180152333233839,0.9057234899312134
erythritol,0.5505145939003224,7.328912942238372e-05,0.9647555268915022,0.006962467295126454
erythrose,0.28771258117909504,0.03690337759532305,0.9180152333233839,0.20622475715033467
estriol 3-sulfate,0.2662153829078173,0.7021487339431886,0.9180152333233839,0.8759209325406326
estrone 3-sulfate,0.004094332352797889,0.6948747239409737,0.6223385176252791,0.8710742878386228
etiocholanolone glucuronide,0.6670324718783223,0.004456146508953911,0.9647555268915022,0.07226924174225473
ferulate,0.8500794336582278,0.43273433546763396,0.9829282652801903,0.7019666247242689
ferulic acid 4-sulfate,0.6578709914842387,0.43409801979042695,0.9647555268915022,0.7019666247242689
feruloylquinate (1),0.9202279234188023,0.20221184790469213,0.9829282652801903,0.48025313877364384
feruloylquinate (2),0.896768451931272,0.040067125241874765,0.9829282652801903,0.21750725131303444
feruloylquinate (3),0.11039742413942776,0.041445207654381824,0.9180152333233839,0.22181942124880413
feruloylquinate (4),0.7174568943261248,0.001325104708783517,0.9647555268915022,0.037299243654647145
feruloylquinate (5),0.7113083651357887,0.13567198092132507,0.9647555268915022,0.4048195395966587
ferulylglycine (1),0.09356668826338721,0.1638797975530545,0.9180152333233839,0.4385515709166248
ferulylglycine (2),0.22025329824838952,0.47871102660968123,0.9180152333233839,0.7335088310954793
Flavone derivative C26H28O14 (2)*,0.5200521274951163,0.018952748163976674,0.9647555268915022,0.1617650106244536
Flavone derivative C26H28O14 (3)*,0.896309362264192,0.11137631478549409,0.9829282652801903,0.3664328971297641
Flavone derivative C26H28O14 (4)*,0.7716253601887311,1.5529014553275323e-06,0.9815171283709627,0.0011802051060489246
Flavone derivative C26H28O14 (5)*,0.7041278188825897,0.18232091419465818,0.9647555268915022,0.46166684003427116
fucosterol,0.334846738818266,0.4512906360117964,0.9342455783217154,0.7130579695820484
furaneol sulfate,0.9108648438103315,0.8698088590185284,0.9829282652801903,0.9552814058584994
galactitol (dulcitol),0.17195305966624505,0.648165821722325,0.9180152333233839,0.8500367729513336
galactosylglycerol,0.24864825837818827,0.3518722998129572,0.9180152333233839,0.6219138322275523
gamma-aminobutyrate (GABA),0.6471409219154952,0.0736624969563112,0.9647555268915022,0.29158071711873185
gamma-CEHC,0.7944857481944776,0.3642448365930584,0.9829282652801903,0.6320230041340739
gamma-CEHC glucuronide*,0.8754449223427209,0.007707236352478073,0.9829282652801903,0.0976249937980556
gamma-CEHC sulfate,0.13213744162727664,0.6390136621974095,0.9180152333233839,0.8460808070906467
gamma-glutamyl-alpha-lysine,0.5086798076665313,0.7444357856596061,0.9572455062039852,0.9023464068601287
gamma-glutamyl-epsilon-lysine,0.6785027330072424,0.522467840401146,0.9647555268915022,0.7635393149785564
gamma-glutamylalanine,0.463180304484481,0.11423399502722603,0.9496554537197602,0.36943760093911393
gamma-glutamylcitrulline*,0.3117185246659044,0.9194675334434073,0.9290434460630876,0.9735017260462546
gamma-glutamylcysteine,0.31322494867478057,0.2503275037945348,0.9298865663782548,0.5299412336597393
gamma-glutamylglutamate,0.7046797180307103,0.00584485435876253,0.9647555268915022,0.08381300589923629
gamma-glutamylglycine,0.11789079687621497,0.3242881392072574,0.9180152333233839,0.6028375387820268
gamma-glutamylisoleucine*,0.6272750642540252,0.8663910460015907,0.9647555268915022,0.952904768395382
gamma-glutamylphenylalanine,0.14412588555409836,0.9316567223895384,0.9180152333233839,0.9752880289477263
gamma-glutamylthreonine,0.3883069908144201,0.08843291154319298,0.9496554537197602,0.321574223793429
gamma-glutamyltyrosine,0.4377696704939401,0.4460724440229952,0.9496554537197602,0.7122165072636057
gamma-glutamylvaline,0.3789204912413655,0.9137477151014128,0.9496554537197602,0.9714980100381093
gamma-tocotrienol,0.5617709412725744,0.42060811053412683,0.9647555268915022,0.6994795711289636
genistein,0.08434219157978298,0.4679648117132491,0.9180152333233839,0.7273072738283627
genistein sulfate*,0.3856952271755464,0.4316699499411407,0.9496554537197602,0.7019666247242689
gentisate,0.3031090554583454,0.30810960666071413,0.9180152333233839,0.5868754412585031
gentisic acid-5-glucoside,0.9636869878698103,0.19538663108383486,0.9897325821365619,0.47436890303017576
ginkgolic acid C13:0,0.8263074072800807,0.704194328660956,0.9829282652801903,0.8759209325406326
ginkgolic acid C15:1,0.7722990036392575,0.26177542552662625,0.9815171283709627,0.5468479979328148
ginkgolic acid C17:1,0.3792342900743002,0.5612033618126198,0.9496554537197602,0.7913071520920055
GlcNAc sulfate conjugate of C21H34O2 steroid,0.08341532806202565,0.00120825107499739,0.9180152333233839,0.03691951504237961
glucosamine 6-sulfate,0.982764256279649,0.12583488478681834,0.9991945479506158,0.3944168504383913
glucuronide of C10H18O2 (1)*,0.2795809478508266,0.15251820178523692,0.9180152333233839,0.42337517356186793
glucuronide of C10H18O2 (7)*,0.4761947259860888,0.14077105836501158,0.9496554537197602,0.4060649036812348
glucuronide of C10H18O2 (8)*,0.6306102708770338,0.15519518574853094,0.9647555268915022,0.4258062858082437
glucuronide of C16H30O4 (1)*,0.46443546595175456,0.017560868275348706,0.9496554537197602,0.1569696239476653
glucuronide of piperine metabolite C17H21NO3 (1)*,0.15965298281253307,0.006142654128925272,0.9180152333233839,0.08488031159969467
glucuronide of piperine metabolite C17H21NO3 (4)*,0.47181063250081523,0.008843390085936922,0.9496554537197602,0.10477569818780814
glucuronide of piperine metabolite C17H21NO3 (6)*,0.40886044043389635,0.0522282933407939,0.9496554537197602,0.24516124746722726
glutamine conjugate of C6H10O2 (1)*,0.9928740316123854,0.6526238657239857,0.9991945479506158,0.8522236047254795
glutamine conjugate of C6H10O2 (2)*,0.8582268363024388,0.4494834124239161,0.9829282652801903,0.7130579695820484
glutamine conjugate of C7H12O2*,0.8918175497927767,0.8381392081576211,0.9829282652801903,0.9478955330354049
glutamine conjugate of C8H12O2 (2)*,0.6526820941783671,0.8488153476796942,0.9647555268915022,0.951947119538354
glutamine conjugate of C9H16O2 (1)*,0.45212490326522703,0.35807835024580015,0.9496554537197602,0.6270496455917237
glutamyl-meso-diaminopimelate,0.7885286857693655,0.550770982234768,0.9829282652801903,0.7853394868638343
glutarylcarnitine (C5-DC),0.6950887349894013,0.0032888588212606202,0.9647555268915022,0.06422832693549829
glycitein,0.09500090954629879,0.9593230854470804,0.9180152333233839,0.9892612550064873
glyco-beta-muricholate,0.7124776216899525,0.16253562089878534,0.9647555268915022,0.4380392619967265
glycochenodeoxycholate 3-sulfate,0.4299940501275177,0.013767014777739632,0.9496554537197602,0.1376701477773963
glycochenodeoxycholate glucuronide (1),0.9099462011836227,0.02245301090327281,0.9829282652801903,0.1617650106244536
glycocholate glucuronide (1),0.8678636819490966,0.002881457717631741,0.9829282652801903,0.059186699064868196
glycocholate sulfate,0.1890741194403333,0.008195190536733022,0.9180152333233839,0.1004571743212435
glycocholenate sulfate*,0.4057762377293975,0.5444822672334014,0.9496554537197602,0.7807670247120474
glycodeoxycholate,0.6148909612985987,0.03848327959653598,0.9647555268915022,0.21193690212585034
glycodeoxycholate 3-sulfate,0.8406058812599243,0.6728726013701976,0.9829282652801903,0.8674684146179282
glycohyocholate,0.024884078294157175,0.016390011560657017,0.9180152333233839,0.1500772142903534
glycolithocholate,0.6907420938408685,0.9893013458268374,0.9647555268915022,0.9965711137773222
glycolithocholate sulfate*,0.26776581208750716,0.49511801261107546,0.9180152333233839,0.7421776059292899
"glycosyl ceramide (d18:1/20:0, d16:1/22:0)*",0.7853446196679967,0.20655951603399053,0.9829282652801903,0.4830250689185332
glycosyl-N-(2-hydroxynervonoyl)-sphingosine (d18:1/24:1(2OH))*,0.3499075325761837,0.07416028970551504,0.9430132083613462,0.29203015635332347
glycosyl-N-stearoyl-sphingosine (d18:1/18:0),0.7755330524617677,0.36744583588218827,0.9829282652801903,0.636124909499916
glycoursodeoxycholic acid sulfate (1),0.8247909682029579,0.23109678403948614,0.9829282652801903,0.5105626624128182
glycyrrhetinate,0.7068309147965743,0.13262948209228256,0.9647555268915022,0.4048195395966587
guaiacol sulfate,0.017143095416146226,0.284481704520963,0.9180152333233839,0.5659845430259997
guanidinosuccinate,0.7106560715441796,0.9022983644328968,0.9647555268915022,0.9714980100381093
"guanosine-2',3'-cyclic monophosphate",0.4152530799375932,0.043935698182118677,0.9496554537197602,0.22736158712436985
harmane,0.3876140289848937,0.6224892083297224,0.9496554537197602,0.8388152452670019
heneicosapentaenoate (21:5n3),0.587479015081683,0.8832002766814162,0.9647555268915022,0.9644140952268339
heptadecatrienoate (17:3)*,0.8751215116177089,0.6127732820764613,0.9829282652801903,0.8346016028281552
heptanoate (7:0),0.17134690919293852,0.4781147357281669,0.9180152333233839,0.7335088310954793
heptenedioate (C7:1-DC)*,0.04725367021362768,0.02173636359493044,0.9180152333233839,0.1617650106244536
hesperetin,0.061829011012969386,0.5383321844972517,0.9180152333233839,0.7763424292559987
hesperidin,0.7276113854691965,0.09966111792523513,0.9647555268915022,0.34549761950745184
hexadecasphingosine (d16:1)*,0.06386869170116853,0.15890286114183583,0.9180152333233839,0.4344106995244432
hexadecatrienoate (16:3n3),0.4504725180530411,0.9997303164426385,0.9496554537197602,0.9997303164426385
hexadecenedioate (C16:1-DC)*,0.25211764034175005,0.05579178996050968,0.9180152333233839,0.2565307181800606
hexanoylcarnitine (C6),0.377513151186608,0.4972658567908519,0.9496554537197602,0.7424794718291697
hexanoylglutamine,0.9942101808659712,0.8765870951051263,0.9991945479506158,0.9591785208443542
hexanoylglycine (C6),0.5207261296896692,0.4346915883841913,0.9647555268915022,0.7019666247242689
hexanoyltaurine,0.32932784286810857,0.21041685646301234,0.9342455783217154,0.4860693340786911
hippurate,0.171668259912214,0.4586962334581264,0.9180152333233839,0.718781726656033
histidine betaine (hercynine)*,0.12396420635796973,0.5837725897712369,0.9180152333233839,0.8140681985800735
histidylalanine,0.018472391086034927,0.4328368271678318,0.9180152333233839,0.7019666247242689
homo-cis-aconitate,0.8146424529995664,0.6272918268050268,0.9829282652801903,0.843790775879328
hydroquinone sulfate,0.207160210540085,0.2071923321940024,0.9180152333233839,0.4830250689185332
hydroxymethylpyrimidine,0.8388942959066157,0.056453638868855224,0.9829282652801903,0.25691476371455074
hypotaurine,0.5072433680445425,0.020620228818365522,0.9572455062039852,0.1617650106244536
I-urobilinogen,0.2937936620910058,0.042877713284785256,0.9180152333233839,0.22736158712436985
ibuprofen,0.4994924551678529,0.15075983279387245,0.9538046882602217,0.42337517356186793
indole,0.23050960849889196,0.08464586924201652,0.9180152333233839,0.31380907621430515
indole-3-acetamide,0.6086502377426071,0.7206791759972939,0.9647555268915022,0.8847689990612211
indole-3-carboxylate,0.9877899981136742,0.15214749728558216,0.9991945479506158,0.42337517356186793
indoleacetylglutamine,0.9041486485459114,0.6807803441352253,0.9829282652801903,0.8677324401755455
indoleacrylate,0.14039472530863598,0.9855518570724262,0.9180152333233839,0.9965711137773222
indolepropionate,0.15669460498794782,0.3623672198909018,0.9180152333233839,0.6316492823786362
indolin-2-one,0.8019439835043497,0.31527855194352106,0.9829282652801903,0.5930982660323664
isobutyrylcarnitine (C4),0.3797847762713079,0.3332314357870533,0.9496554537197602,0.6086659965963647
isobutyrylglycine (C4),0.7495577943127905,0.2382660677393238,0.9737844849191808,0.5187124443632357
isocaproate (i6:0),0.02639244487076524,0.7753960313814153,0.9180152333233839,0.9094150985337587
isocaproylglutamine,0.4510869231006892,0.8473682330004632,0.9496554537197602,0.951947119538354
isocaproylglycine,0.5441956887187582,0.9829743326582638,0.9647555268915022,0.9965711137773222
isocaproyltaurine,0.40084882278723444,0.8645474706550187,0.9496554537197602,0.9522551850692959
isocitric lactone,0.419054766927039,0.22429383659712093,0.9496554537197602,0.5049418172661246
isohyodeoxycholate,0.39176277374101487,0.11195320885103636,0.9496554537197602,0.3665363536058841
isorhamnetin 3-rutinoside,0.014760378761178897,0.0015076486250972573,0.9180152333233839,0.03819376516913052
isoursodeoxycholate,0.5231411650733024,0.027547386960150314,0.9647555268915022,0.17894029136507894
isovitexin,0.3874643579128749,0.2357731024409472,0.9496554537197602,0.5163906566429968
kaempferol,0.6252906870065,0.3367493580751666,0.9647555268915022,0.6086659965963647
L-urobilin,0.5928096708241449,0.01614107364070148,0.9647555268915022,0.14960019471869665
lactose,0.8493476629756491,0.491309222299686,0.9829282652801903,0.7421776059292899
lactosyl-N-behenoyl-sphingosine (d18:1/22:0)*,0.28972596848632715,0.6814904269390978,0.9180152333233839,0.8677324401755455
lactosyl-N-nervonoyl-sphingosine (d18:1/24:1)*,0.15214329058262235,0.045211856863247475,0.9180152333233839,0.22907340810712054
lanosterol,0.8351242228857183,0.04675883920055238,0.9829282652801903,0.235342501936555
laurylcarnitine (C12),0.7085797793098862,0.02206550534892613,0.9647555268915022,0.1617650106244536
leucylalanine,0.3515141390612525,0.10933487171853379,0.9439955677970032,0.36285808954622567
leucylglycine,0.43316066826331623,0.3693712707537925,0.9496554537197602,0.6380049222110961
levulinate (4-oxovalerate),0.45706961648414035,0.32429585387008353,0.9496554537197602,0.6028375387820268
lignoceroyl ethanolamide (24:0)*,0.9589188666820012,0.6487122740944389,0.989361387873115,0.8500367729513336
lignoceroyl sphingomyelin (d18:1/24:0),0.010785773675726426,0.3457237034265289,0.8197187993552084,0.615339612656117
lignoceroylcarnitine (C24)*,0.8929935778216289,0.33162649627224383,0.9829282652801903,0.6086659965963647
limonin,0.3756637196306196,0.18613835340760218,0.9496554537197602,0.46166684003427116
linolenoyl ethanolamide,0.4622480682256108,0.31118810377426426,0.9496554537197602,0.5897829398215482
linolenoyl-linolenoyl-glycerol (18:3/18:3) [1]*,0.073314922423642,0.9125315083365085,0.9180152333233839,0.9714980100381093
linolenoyl-linolenoyl-glycerol (18:3/18:3) [2]*,0.2999976189607161,0.9289430355536272,0.9180152333233839,0.9748766056593018
linolenoylcarnitine (C18:3)*,0.855966786059515,0.03416650129833759,0.9829282652801903,0.1937801566174371
linoleoyl-arachidonoyl-glycerol (18:2/20:4) [1]*,0.01558891933154664,0.2154004858199679,0.9180152333233839,0.49607384613083516
linoleoyl-arachidonoyl-glycerol (18:2/20:4) [2]*,0.16225066269457555,0.8546198980819966,0.9180152333233839,0.951947119538354
linoleoyl-linolenoyl-glycerol (18:2/18:3) [1]*,0.24066216345613228,0.3491414603198475,0.9180152333233839,0.618525663969893
linoleoyl-linolenoyl-glycerol (18:2/18:3) [2]*,0.24033220866301844,0.03222567994630081,0.9180152333233839,0.19351661102048018
linoleoyl-linoleoyl-glycerol (18:2/18:2) [1]*,0.16308729657269658,0.10226538942652048,0.9180152333233839,0.34959915866237856
linoleoyl-linoleoyl-glycerol (18:2/18:2) [2]*,0.24115638943110698,0.12321894167167206,0.9180152333233839,0.3918259233074091
lisinopril,0.8221331475472479,0.35709924965512074,0.9829282652801903,0.6267792834593343
lithocholate,0.3547052167627822,0.0395816447565398,0.9492111434496989,0.2164176260069802
lithocholate sulfate (1),0.5806399082121747,0.0010376155131858614,0.9647555268915022,0.034740010623868715
luteolin,0.28318625063082964,0.013564323825275643,0.9180152333233839,0.13745181476279317
luteolin sulfate,0.1287927948916721,0.18709656148757303,0.9180152333233839,0.46166684003427116
lysylleucine,0.20259696400598592,0.22754743160880975,0.9180152333233839,0.5074295023271256
maltitol/lactitol/cellobiotol/palatinol,0.942659128057737,0.8204216099998984,0.984094694126209,0.9348132287854914
maltol,0.6705432438206034,0.44874937560208494,0.9647555268915022,0.7130579695820484
mannose,0.09985449126103188,0.0022668151748083732,0.9180152333233839,0.05005338004450936
margaroyl ethanolamide*,0.4401637249054685,0.6388865176453337,0.9496554537197602,0.8460808070906467
mead acid (20:3n9),0.3967789925618981,0.0005132814631320465,0.9496554537197602,0.02167188399890863
methionine sulfone,0.611967109804396,0.6323717480072039,0.9647555268915022,0.8455675407362105
methyl indole-3-acetate,0.042407977122019665,0.9667869012649575,0.9180152333233839,0.9950372396730575
metoprolol,0.4797113467809677,0.2296905315862154,0.9496554537197602,0.5089352886458417
myristoleoylcarnitine (C14:1)*,0.12689822445326487,0.5244309505510611,0.9180152333233839,0.7635393149785564
myristoylcarnitine (C14),0.059956785897997085,0.6010564509931824,0.9180152333233839,0.8290433806802516
N(1)-acetylspermine,0.5440764029847757,0.5242191103781586,0.9647555268915022,0.7635393149785564
"N,N-dimethylalanine",0.31903496561699335,0.12449075863522653,0.933183675443021,0.3925849649907559
N-(2-furoyl)glycine,0.5828912235639672,0.9438322797078998,0.9647555268915022,0.9795935990818083
N-acetyl-1-methylhistidine*,0.548211244167153,0.4904874721783159,0.9647555268915022,0.7421776059292899
N-acetyl-2-aminooctanoate*,0.4170323033715896,0.9876171339074429,0.9496554537197602,0.9965711137773222
N-acetyl-3-methylhistidine*,0.844928495250161,0.3368560042961166,0.9829282652801903,0.6086659965963647
N-acetyl-aspartyl-glutamate (NAAG),0.6399398241887562,0.6764996210250824,0.9647555268915022,0.8674684146179282
N-acetyl-S-allyl-L-cysteine,0.8959366644064765,0.8624393834910125,0.9829282652801903,0.9522551850692959
N-acetylcarnosine,0.5926461969267718,0.2694300844869918,0.9647555268915022,0.5519322485447811
N-acetylglucosamine 6-sulfate,0.10621367319924853,0.7469888003579803,0.9180152333233839,0.9039991851466004
N-acetylglucosamine conjugate of C24H38O4 bile acid,0.38227902171815487,0.029056938317375658,0.9496554537197602,0.18402727601004584
N-acetylglucosamine conjugate of C24H40O4 bile acid,0.6260092216401982,0.022035863538772155,0.9647555268915022,0.1617650106244536
N-acetylglucosamine/N-acetylgalactosamine,0.07367340200265005,0.05179026783005084,0.9180152333233839,0.24516124746722726
N-acetylpyrraline,0.4473922842302054,0.6819970961972248,0.9496554537197602,0.8677324401755455
N-acetylsphingosine,0.20423304350474802,0.6430394427933976,0.9180152333233839,0.8469843613916503
N-acetylthreonine,0.45810863182398953,0.6123140380275329,0.9496554537197602,0.8346016028281552
N-behenoyl-sphingadienine (d18:2/22:0)*,0.14119933262167997,0.34808361005389254,0.9180152333233839,0.6180923916844822
N-butyryl-isoleucine,0.4763689474064958,0.5602554614556634,0.9496554537197602,0.7913071520920055
N-butyryl-leucine,0.6650664121760412,0.5137507503311768,0.9647555268915022,0.7567239926191301
N-butyryl-phenylalanine,0.7008811835908622,0.9675427896294598,0.9647555268915022,0.9950372396730575
N-carbamoylalanine,0.3702541573966813,0.767247541093937,0.9496554537197602,0.9068555695667062
N-carbamoylaspartate,0.00044132406457752013,0.12446204519937303,0.16770314453945764,0.3925849649907559
N-carbamoylglutamate,0.40626216753928923,0.10152416510199351,0.9496554537197602,0.34913287546386906
N-carboxymethylalanine,0.29314429470005093,0.10711282638187467,0.9180152333233839,0.3602024250009945
N-formylanthranilic acid,0.1396513759876144,0.8921339498556744,0.9180152333233839,0.968602574129018
N-linoleoylglycine,0.48103619354388194,0.00021647707550731288,0.9496554537197602,0.014956597944141618
N-linoleoyltaurine*,0.7534268960605585,0.7166668917421937,0.9754760494140109,0.8827663496338204
N-methyl-GABA,0.6162142597671709,0.06503512953591768,0.9647555268915022,0.2719512880516542
N-methylhydantoin,0.4834598674904903,0.8574216948603578,0.9496554537197602,0.9522551850692959
N-methylhydroxyproline,0.9866983252311409,0.004623653184423225,0.9991945479506158,0.07226924174225473
N-methylleucine,0.7327765630359795,0.02251234747820428,0.9651823013992105,0.1617650106244536
N-methylphenylalanine,0.6867503470118688,0.9100238536381963,0.9647555268915022,0.9714980100381093
N-monomethylarginine,0.5108267720407298,0.04770639979078312,0.9572455062039852,0.23697296628101422
N-oleoylglycine,0.5695277008746524,0.34218177139941963,0.9647555268915022,0.6133446845838654
N-oleoylserine,0.47042823340382656,0.0406560013687856,0.9496554537197602,0.2191387307821068
N-oleoyltaurine,0.5323968830232503,0.9934316319954182,0.9647555268915022,0.9965711137773222
N-palmitoyltaurine,0.22904750516403247,0.9766923122836748,0.9180152333233839,0.9965711137773222
N-propionylalanine,0.1593461098271599,0.9773213640132454,0.9180152333233839,0.9965711137773222
N-propionylmethionine,0.6186952100954561,0.6214327135218196,0.9647555268915022,0.8388152452670019
N-stearoyltaurine,0.7633828594635441,0.7995372701771516,0.9815171283709627,0.9257889627304268
N-succinyl-leucine,0.43915514562404145,0.2721946443266387,0.9496554537197602,0.5560965851834554
N-succinyl-phenylalanine,0.7678423649438616,0.24677245007317594,0.9815171283709627,0.5238744750156807
"N-[3',4'-dihydroxy-(E)-cinnamoyl]-L-tyrosine",0.18657076517846877,0.46145021794071883,0.9180152333233839,0.7216093943105891
"N1,N10-dicoumaroylspermidine",0.6689777374164968,0.01080314195127593,0.9647555268915022,0.11403316504124593
1-methyladenosine,0.4873231933561928,0.8601160844288619,0.9496554537197602,0.9522551850692959
N1-methylinosine,0.9390210189814827,0.1981539536585762,0.9829282652801903,0.4750694157114129
"N2,N2-dimethylguanine",0.6480511679479612,0.009264700057504635,0.9647555268915022,0.10477569818780814
"N2,N2-dimethylguanosine",0.24486344459764475,0.183063280530477,0.9180152333233839,0.46166684003427116
"N2,N5-diacetylornithine",0.9287643477566692,0.3288592773785264,0.9829282652801903,0.6081096126707545
N6-carbamoylthreonyladenosine,0.04593568068565104,0.5778395066302033,0.9180152333233839,0.8087624770514817
N6-formyllysine,0.976328003166187,0.7571642911861386,0.9959856139681907,0.9057234899312134
N6-succinyladenosine,0.3689077566974709,0.8584112056438756,0.9496554537197602,0.9522551850692959
naringenin,0.17364639696071255,0.6418275250104141,0.9180152333233839,0.8469843613916503
naringenin 7-glucuronide,0.25938673550390867,0.07078572209678836,0.9180152333233839,0.28682235589031474
narirutin,0.1420629947073246,0.07989275358680946,0.9180152333233839,0.29910587549741474
neoponcirin,0.23568977872495786,0.1396739497021711,0.9180152333233839,0.4060649036812348
nervonoylcarnitine (C24:1)*,0.8274439529122755,0.3551804635171978,0.9829282652801903,0.6260762887286195
nicotianamine,0.7565337602374673,0.13605708729778598,0.9761725938547965,0.4048195395966587
nicotinamide ribonucleotide (NMN),0.5349888314566615,0.440564883275001,0.9647555268915022,0.7063909520864994
nicotinic acid mononucleotide (NaMN),0.04373277965770621,0.03535286144614875,0.9180152333233839,0.19902351628943
nomilin,0.7117561016168119,0.30519839303399066,0.9647555268915022,0.5842588884277906
NP-013098,0.9199202315536301,0.8971325845569171,0.9829282652801903,0.9714980100381093
O-desmethyltramadol,0.48375038683917904,0.887770571173095,0.9496554537197602,0.9670972314581315
o-Tyrosine,0.4479209983526391,0.5486392751086118,0.9496554537197602,0.7852464201177871
OAHSA (18:1/OH-18:0),0.1938108520369126,0.3026307135441926,0.9180152333233839,0.583528518763171
octadecadienedioate (C18:2-DC)*,0.3041473116419458,0.05137753124103545,0.9180152333233839,0.24516124746722726
octadecanedioate (C18),0.10354534253991403,0.15138854994440643,0.9180152333233839,0.42337517356186793
octadecenedioylcarnitine (C18:1-DC)*,0.3294106206911901,0.815457800102664,0.9342455783217154,0.933355313370519
octanoylcarnitine (C8),0.16354885410202283,0.027221196450430973,0.9180152333233839,0.17894029136507894
oleoyl-arachidonoyl-glycerol (18:1/20:4) [1]*,0.09744977948543473,0.4020072982986319,0.9180152333233839,0.6759414750153988
oleoyl-arachidonoyl-glycerol (18:1/20:4) [2]*,0.08943896036269772,0.9116144643256611,0.9180152333233839,0.9714980100381093
oleoyl-linolenoyl-glycerol (18:1/18:3) [2]*,0.880819752858056,0.07944233562986064,0.9829282652801903,0.29889195583511924
oleoyl-linoleoyl-glycerol (18:1/18:2) [1],0.1449683970533399,0.0336539907128931,0.9180152333233839,0.19376540107423298
oleoyl-oleoyl-glycerol (18:1/18:1)  [1]*,0.1520758031372542,0.992273552417604,0.9180152333233839,0.9965711137773222
oleoyl-oleoyl-glycerol (18:1/18:1) [2]*,0.12011178633128096,0.6922147541359036,0.9180152333233839,0.8710742878386228
oleoylcholine,0.9844224626142914,0.18673940876496634,0.9991945479506158,0.46166684003427116
orotidine,0.7654821856646444,0.6933822723167518,0.9815171283709627,0.8710742878386228
p-cresol,0.5246193308392145,0.000347372312597211,0.9647555268915022,0.01785753928092174
p-cresol glucuronide*,0.5663039679620949,0.3609888754749092,0.9647555268915022,0.6306932077262782
p-cresol sulfate,0.7291297742626337,0.23888073095675327,0.9647555268915022,0.5187124443632357
PAHSA (16:0/OH-18:0),0.7673214671894745,0.6768536445637257,0.9815171283709627,0.8674684146179282
palmitoleoyl ethanolamide*,0.4672526772773199,0.37286968540591714,0.9496554537197602,0.6425872129444378
palmitoyl-arachidonoyl-glycerol (16:0/20:4) [2]*,0.2389258736756794,0.17484963902178519,0.9180152333233839,0.44742668571231226
palmitoyl-linolenoyl-glycerol (16:0/18:3) [2]*,0.28942992179723004,0.7597668149619411,0.9180152333233839,0.9057234899312134
palmitoyl-linoleoyl-glycerol (16:0/18:2) [1]*,0.07900039872731861,0.245260401761243,0.9180152333233839,0.5238744750156807
palmitoyl-linoleoyl-glycerol (16:0/18:2) [2]*,0.2651786283711154,0.5197437733036125,0.9180152333233839,0.7625584318740262
palmitoyl-oleoyl-glycerol (16:0/18:1) [2]*,0.17121930639578,0.4936145011883849,0.9180152333233839,0.7421776059292899
palmitoylcholine,0.9986878556450376,0.18150945466551827,0.9991945479506158,0.4613618245678725
pantetheine,0.9144425291981991,0.07918663844470214,0.9829282652801903,0.29889195583511924
paraxanthine,0.6381039443302752,0.06349036672219166,0.9647555268915022,0.2719512880516542
pentadecanoate (15:0),0.7721466515197662,0.007887817521682177,0.9815171283709627,0.0982744478111222
phenol sulfate,0.3850151857937304,0.09073366041847793,0.9496554537197602,0.3283694377049677
phenylacetylaspartate,0.1999323683280525,0.06332333197975173,0.9180152333233839,0.2719512880516542
phenylacetylglutamate,0.13420761855323027,0.5320482664854235,0.9180152333233839,0.770203204816994
phenylacetylglutamine,0.5646742028840477,0.8547761149672177,0.9647555268915022,0.951947119538354
phenylacetylglycine,0.17956110009616896,0.9808373228962619,0.9180152333233839,0.9965711137773222
phenylacetylmethionine,0.12768450913648263,0.1497210031901728,0.9180152333233839,0.4230035777863619
phenylacetyltaurine,0.8604412060982873,0.41931796878707683,0.9829282652801903,0.6988632813117948
phenylpropionylglycine,0.2342685584797823,0.7574307088924682,0.9180152333233839,0.9057234899312134
pheophorbide A,0.37140239357065674,0.004410391044276803,0.9496554537197602,0.07226924174225473
pheophytin A,0.9054341185972232,0.7120506880666434,0.9829282652801903,0.8799325576108114
phloroglucinol sulfate,0.1537799570241666,0.3453634268876594,0.9180152333233839,0.615339612656117
phytanate,0.0010563911186085744,0.10257975313382951,0.20071431253562913,0.34959915866237856
picolinate,0.6359337952531339,0.025792076877810162,0.9647555268915022,0.17346883563836923
picolinoylglycine,0.7817413738371883,0.6374335779376872,0.9829282652801903,0.8460808070906467
pimelate (C7-DC),0.6859405547920965,0.9038655791323795,0.9647555268915022,0.9714980100381093
pimeloylcarnitine/3-methyladipoylcarnitine (C7-DC),0.834426891046799,0.03233079282077593,0.9829282652801903,0.19351661102048018
ponciretin,0.6992489533776853,0.40841412171405544,0.9647555268915022,0.6836888381116347
pregnanediol-3-glucuronide,0.39883898369108384,0.06494534160491273,0.9496554537197602,0.2719512880516542
pregnanolone/allopregnanolone sulfate,0.20200704361929966,0.09585264108484763,0.9180152333233839,0.3388279405789963
pregnenolone sulfate,0.6570967515085914,0.11658181482042348,0.9647555268915022,0.3722780641324448
prolylhydroxyproline,0.6141572411692944,6.295589755945459e-05,0.9647555268915022,0.006835211735026499
propionylcarnitine (C3),0.953691281015421,0.1903934669735846,0.989361387873115,0.4682816663427971
propionylglycine (C3),0.2707412419701106,0.1261095982322751,0.9180152333233839,0.3944168504383913
pseudouridine,0.8195036910703326,0.16475309424616555,0.9829282652801903,0.43934158465644146
pterin,0.3394822873934994,0.019155423641763394,0.9348062986197809,0.1617650106244536
pyridoxine (Vitamin B6),0.9710219395344801,0.33590179832075695,0.9935153772306882,0.6086659965963647
quercitrin,0.08726288951321817,0.0028385151211645673,0.9180152333233839,0.059186699064868196
resveratrol sulfate (1)*,0.5034097927577696,0.8771435157721397,0.9564786062397623,0.9591785208443542
retinol (Vitamin A),0.7067831851576858,0.7737287448653165,0.9647555268915022,0.9088622041694598
ribitol,0.9197323114016598,0.24579204857506615,0.9829282652801903,0.5238744750156807
ribulose/xylulose,0.0948457344001838,0.10828787189589428,0.9180152333233839,0.3609595729863143
rosmarinate,0.907461420752349,0.4220182723282402,0.9829282652801903,0.7002923296276475
rutin,0.3445067235450977,3.7031173199409836e-05,0.9384412541013415,0.006835211735026499
S-allylcysteine,0.32197831744418953,0.6286539927325832,0.9342455783217154,0.8441290361780269
S-carboxyethylcysteine,0.8795829201970294,0.5875490422718692,0.9829282652801903,0.8148490367274098
S-methylcysteine sulfoxide,0.09281963291887754,0.19917587117062055,0.9180152333233839,0.47601780531343274
S-methylmethionine,0.6016196393823393,0.9440753736579619,0.9647555268915022,0.9795935990818083
saccharin,0.7945673250558276,0.4374282031598009,0.9829282652801903,0.7028444701933376
saccharopine,0.7286420872247219,0.8891485091836464,0.9647555268915022,0.9670972314581315
salicyluric glucuronide*,0.6599610280640137,0.014505055139365248,0.9647555268915022,0.13954230260655173
sarcosine,0.13510308607640864,0.7441241783416577,0.9180152333233839,0.9023464068601287
secoisolariciresinol,0.08433492097525569,0.9373300753669416,0.9180152333233839,0.9759329615817053
sedoheptulose,0.8894624738451047,0.9733180763278746,0.9829282652801903,0.9965711137773222
serotonin,0.690784234547634,0.53601270973102,0.9647555268915022,0.7744670330714357
sertraline,0.20769211468792462,0.9152533884043241,0.9180152333233839,0.9714980100381093
solanidine,0.8060993156882512,0.02113812581403293,0.9829282652801903,0.1617650106244536
soyasaponin I,0.41119372632669293,0.32442178073927497,0.9496554537197602,0.6028375387820268
soyasaponin II,0.33047988577536647,0.7107666740027019,0.9342455783217154,0.8797763391564388
soyasaponin III,0.147865089915701,0.6706528604842135,0.9180152333233839,0.8674684146179282
spermine,0.8352528482702207,0.6738051424310025,0.9829282652801903,0.8674684146179282
"sphingomyelin (d18:0/18:0, d19:0/17:0)*",0.7419720645404011,0.18438257143389858,0.9722392569839738,0.46166684003427116
"sphingomyelin (d18:1/14:0, d16:1/16:0)*",0.2177070067585818,0.47862373758716314,0.9180152333233839,0.7335088310954793
"sphingomyelin (d18:1/17:0, d17:1/18:0, d19:1/16:0)",0.48934305457824245,0.17294211570584092,0.9511527403566861,0.4440405673528348
"sphingomyelin (d18:1/20:0, d16:1/22:0)*",0.9065015265030545,0.28894510017998526,0.9829282652801903,0.5689074511315771
"sphingomyelin (d18:1/20:1, d18:2/20:0)*",0.23726449066847435,0.6079962639760988,0.9180152333233839,0.8333080608103973
"sphingomyelin (d18:1/21:0, d17:1/22:0, d16:1/23:0)*",0.5088889831866399,0.0015785848169485384,0.9572455062039852,0.03870078906067384
"sphingomyelin (d18:1/22:1, d18:2/22:0, d16:1/24:1)*",0.9359277859802692,0.8357328671209245,0.9829282652801903,0.9465826810907639
"sphingomyelin (d18:1/24:1, d18:2/24:0)*",0.12464157275281654,0.38136018369354674,0.9180152333233839,0.6513117743979675
"sphingomyelin (d18:2/16:0, d18:1/16:1)*",0.6368527380290189,0.07626769729785658,0.9647555268915022,0.2959118033625654
"sphingomyelin (d18:2/23:0, d18:1/23:1, d17:1/24:1)*",0.2934415920070336,0.322089741384145,0.9180152333233839,0.6028375387820268
"sphingomyelin (d18:2/24:1, d18:1/24:2)*",0.3149358574047997,0.7640118565385289,0.9313278273449329,0.9057234899312134
SQDG (18:3/16:0),0.7551096658726106,0.9480509940045911,0.9759920851414696,0.9816331818031189
stearidonate (18:4n3),0.7482043997044227,0.00937466773259336,0.9737844849191808,0.10477569818780814
stearoyl sphingomyelin (d18:1/18:0),0.12612554512157373,0.11560600440179664,0.9180152333233839,0.37071967656272337
stearoyl-linoleoyl-glycerol (18:0/18:2) [2]*,0.9234891414237467,0.3931959986526704,0.9829282652801903,0.6655433384766805
steviol,0.5737059200290728,0.10808228658550062,0.9647555268915022,0.3609595729863143
stigmastadienone,0.7241020612787654,0.4559301372134704,0.9647555268915022,0.7174055989280279
stigmasterol,0.1311680107071242,0.20567593285909375,0.9180152333233839,0.4824497190521952
suberoylcarnitine (C8-DC),0.2700923555169474,0.014391355481946906,0.9180152333233839,0.13954230260655173
succinylglutamine,0.09207459508432159,0.27541912214208264,0.9180152333233839,0.5567999105022526
sucralose,0.44573420904524497,0.43503457926990874,0.9496554537197602,0.7019666247242689
sucrose,0.0983766006465164,0.010071676872388033,0.9180152333233839,0.11093441192775225
sulfate of piperine metabolite C15H17NO3 (1)*,0.1258473398390211,0.3918959779495341,0.9180152333233839,0.665403417213871
sulfate of piperine metabolite C15H17NO3 (2)*,0.6497656389055484,0.47832070814463723,0.9647555268915022,0.7335088310954793
sulfate of piperine metabolite C16H17NO3 (1)*,0.06575250949252384,0.19268713333018186,0.9180152333233839,0.47239426235786525
sulfate of piperine metabolite C16H17NO3 (2)*,0.22840811560548174,0.13278323277796444,0.9180152333233839,0.4048195395966587
sulfate of piperine metabolite C16H19NO3 (1)*,0.10456393811047267,0.16716637387381564,0.9180152333233839,0.4401154921570991
sulfate of piperine metabolite C16H19NO3 (2)*,0.5170971998930742,0.22505225794879544,0.9632202743106285,0.5049418172661246
sulfate of piperine metabolite C16H19NO3 (3)*,0.22358208247091205,0.07857392876799464,0.9180152333233839,0.29889195583511924
sulfate of piperine metabolite C16H19NO4 (2)*,0.2648000770793083,0.16844819681636766,0.9180152333233839,0.44125543951485463
sulfate of piperine metabolite C16H19NO4 (4)*,0.12912196148308033,0.10001246880478869,0.9180152333233839,0.34549761950745184
sulfate of piperine metabolite C18H21NO3 (1)*,0.2639505162120628,0.48904582750074277,0.9180152333233839,0.7421776059292899
sulfate of piperine metabolite C18H21NO3 (2)*,0.387035565199494,0.07024186559358374,0.9496554537197602,0.28682235589031474
sulfate of piperine metabolite C18H21NO3 (3)*,0.27055043367696446,0.4661926887833221,0.9180152333233839,0.7271541481275843
synephrine,0.63121203373616,0.5138478894077279,0.9647555268915022,0.7567239926191301
syringaldehyde,0.42554097949284597,0.15319496411778116,0.9496554537197602,0.42337517356186793
syringic acid,0.802581925783505,0.1969004561077176,0.9829282652801903,0.4748415800361467
tartarate,0.48028833437993335,0.09296843672443421,0.9496554537197602,0.3332830750498585
tartronate (hydroxymalonate),0.5793327599511162,0.9009154352203579,0.9647555268915022,0.9714980100381093
taurochenodeoxycholate,0.3229272521073302,0.022246177364015383,0.9342455783217154,0.1617650106244536
taurochenodeoxycholic acid 3-sulfate,0.1846701375730078,0.18479395695562334,0.9180152333233839,0.46166684003427116
taurocholate,0.660901235971887,0.5215856675362391,0.9647555268915022,0.7635393149785564
taurocholenate sulfate*,0.28476219844766,0.5304287452784702,0.9180152333233839,0.7693241343733537
taurodeoxycholate,0.6579713093293154,0.6852644364676796,0.9647555268915022,0.8694507040324484
taurodeoxycholic acid 3-sulfate,0.10238901847093902,0.43241517923978046,0.9180152333233839,0.7019666247242689
taurohyocholate*,0.05201972145550614,0.023523784660456647,0.9180152333233839,0.16407496825282586
taurohyodeoxycholic acid,0.2717250231289319,0.14304011680381482,0.9180152333233839,0.41022825951282743
taurolithocholate,0.6850061484067657,0.9748829866600844,0.9647555268915022,0.9965711137773222
taurolithocholate 3-sulfate,0.4138762199445768,0.7190566178937996,0.9496554537197602,0.8842767469244138
tauroursodeoxycholate,0.840790677188095,0.09409414113208595,0.9829282652801903,0.33416610869338936
tauroursodeoxycholic acid sulfate (1),0.8509481219950711,0.23441015331023965,0.9829282652801903,0.5148893540918559
tauroursodeoxycholic acid sulfate (2),0.07146738894773202,0.13814880495371662,0.9180152333233839,0.4060649036812348
tetrahydrocorticosterone glucuronide,0.6718594159809816,0.0969710180513533,0.9647555268915022,0.34119432277328016
tetrahydrocortisol glucuronide ,0.7416709045131227,0.021419856545501555,0.9722392569839738,0.1617650106244536
tetrahydrocortisol sulfate (1),0.5275469314679051,0.2637914583672714,0.9647555268915022,0.5468479979328148
tetrahydrocortisone,0.665017652668392,0.2285214925210325,0.9647555268915022,0.5078255389356278
theanine,0.6757921186692635,0.49608713659484116,0.9647555268915022,0.7421776059292899
TMP,0.9074412244170718,0.01681383014213852,0.9829282652801903,0.15212512985744378
thymol sulfate,0.6094575216785549,0.8894749536700447,0.9647555268915022,0.9670972314581315
tigloylglycine,0.4355933670999339,0.9374092920455853,0.9496554537197602,0.9759329615817053
tiglyl carnitine (C5),0.2866119678779985,0.06512517687552771,0.9180152333233839,0.2719512880516542
trans-2-hexenoylglycine,0.6070678968316312,0.8518075307885629,0.9647555268915022,0.951947119538354
tricosanoyl sphingomyelin (d18:1/23:0)*,0.4764939691830853,0.02741888916038537,0.9496554537197602,0.17894029136507894
tryptamine,0.906240534331026,0.07926247883594525,0.9829282652801903,0.29889195583511924
tryptophan betaine,0.150370710090298,0.3260053929310066,0.9180152333233839,0.6043026795794268
tryptophylglycine,0.6307289607618491,0.22094475263886054,0.9647555268915022,0.5027485389387246
tyrosylglycine,0.2859745727133769,0.5296079397418383,0.9180152333233839,0.7693241343733537
umbelliferone,0.9544911471682633,0.02169612270995875,0.989361387873115,0.1617650106244536
undecenoylcarnitine (C11:1),0.1646188204651211,0.0036386554435521323,0.9180152333233839,0.06584233659761002
urea,0.2877165859719161,0.6827684200328634,0.9180152333233839,0.8677324401755455
"uridine-2',3'-cyclic monophosphate",0.3329443424782199,0.010647042888907138,0.9342455783217154,0.11396834641647077
ursodeoxycholate sulfate (1),0.7856884352376383,0.58596302339081,0.9829282652801903,0.8141350964844892
valerate (5:0),0.5126040349502154,0.9973312283035061,0.9572455062039852,0.9986452351919164
valerylphenylalanine,0.3189871587036028,0.1283933671421223,0.933183675443021,0.3999137665082498
vancomycin,0.6928977403546575,0.00012884196271688587,0.9647555268915022,0.009791989166483326
vanillactate,0.21403499497835385,0.03394185831237057,0.9180152333233839,0.1937801566174371
vanillate,0.31071774644476896,0.40527538392016305,0.9290434460630876,0.6799322114333861
vanillic acid glycine,0.46049591944997936,0.9728722309632019,0.9496554537197602,0.9965711137773222
vanillic alcohol sulfate,0.7289007326405861,0.9128085085954671,0.9647555268915022,0.9714980100381093
vanillin,0.36621138658282015,0.03327555598758572,0.9496554537197602,0.19376540107423298
vanillylmandelate (VMA),6.179156201098309e-05,0.07670345429266497,0.046961587128347144,0.2959118033625654
venlafaxine,0.334379881859442,0.48474864267498796,0.9342455783217154,0.7397770450461664
vitexin,0.5803668371684774,0.06489859815989904,0.9647555268915022,0.2719512880516542
xanthosine,0.1628052807895203,0.9148506553681648,0.9180152333233839,0.9714980100381093
xanthurenate,0.6479193763714541,0.5810652988285872,0.9647555268915022,0.8117824027752321
xylose,0.7851833792528715,0.3354770974400969,0.9829282652801903,0.6086659965963647
